{
    "eval_accuracy": 0.6895306859205776,
    "eval_loss": 0.6091891527175903,
    "eval_runtime": 9.1404,
    "eval_samples": 277,
    "eval_samples_per_second": 30.305,
    "eval_steps_per_second": 3.829
}