{
    "eval_accuracy": 0.9185779816513762,
    "eval_loss": 0.25601792335510254,
    "eval_runtime": 10.9609,
    "eval_samples": 872,
    "eval_samples_per_second": 79.556,
    "eval_steps_per_second": 9.944
}