{
    "eval_loss": 0.7164325714111328,
    "eval_matthews_correlation": 0.149881510095889,
    "eval_runtime": 9.0285,
    "eval_samples": 1043,
    "eval_samples_per_second": 115.523,
    "eval_steps_per_second": 14.51
}