{
    "eval_accuracy": 0.6714801444043321,
    "eval_loss": 0.6107521653175354,
    "eval_runtime": 9.1997,
    "eval_samples": 277,
    "eval_samples_per_second": 30.11,
    "eval_steps_per_second": 3.804
}