{
    "eval_accuracy": 0.6462093862815884,
    "eval_loss": 0.6344941854476929,
    "eval_runtime": 9.136,
    "eval_samples": 277,
    "eval_samples_per_second": 30.32,
    "eval_steps_per_second": 3.831
}