{
    "eval_accuracy": 0.9106717920556471,
    "eval_loss": 0.23013317584991455,
    "eval_runtime": 22.0835,
    "eval_samples": 5463,
    "eval_samples_per_second": 247.379,
    "eval_steps_per_second": 30.928
}