{
    "eval_accuracy": 0.8808310660400692,
    "eval_combined_score": 0.8617671490827183,
    "eval_f1": 0.8427032321253674,
    "eval_loss": 0.29816585779190063,
    "eval_runtime": 131.3034,
    "eval_samples": 40430,
    "eval_samples_per_second": 307.913,
    "eval_steps_per_second": 38.491
}