{
    "eval_combined_score": 0.8948409792314647,
    "eval_loss": 0.4595149755477905,
    "eval_pearson": 0.8955138669041062,
    "eval_runtime": 12.9071,
    "eval_samples": 1500,
    "eval_samples_per_second": 116.215,
    "eval_spearmanr": 0.8941680915588233,
    "eval_steps_per_second": 14.566
}