{
    "eval_accuracy": 0.8999752658916647,
    "eval_combined_score": 0.8845507397419489,
    "eval_f1": 0.8691262135922331,
    "eval_loss": 0.24466851353645325,
    "eval_runtime": 135.971,
    "eval_samples": 40430,
    "eval_samples_per_second": 297.343,
    "eval_steps_per_second": 37.17
}