{
    "eval_combined_score": 0.8882403641743677,
    "eval_loss": 0.49296870827674866,
    "eval_pearson": 0.8890749947423767,
    "eval_runtime": 12.9854,
    "eval_samples": 1500,
    "eval_samples_per_second": 115.514,
    "eval_spearmanr": 0.8874057336063588,
    "eval_steps_per_second": 14.478
}