{
    "eval_combined_score": 0.8874426725343043,
    "eval_loss": 0.5134401917457581,
    "eval_pearson": 0.8866332079548539,
    "eval_runtime": 12.8746,
    "eval_samples": 1500,
    "eval_samples_per_second": 116.509,
    "eval_spearmanr": 0.8882521371137548,
    "eval_steps_per_second": 14.602
}