{
    "eval_accuracy": 0.8701953994558497,
    "eval_combined_score": 0.8512799012228459,
    "eval_f1": 0.8323644029898422,
    "eval_loss": 0.31773120164871216,
    "eval_runtime": 146.1038,
    "eval_samples": 40430,
    "eval_samples_per_second": 276.721,
    "eval_steps_per_second": 34.592
}