{
    "eval_accuracy": 0.6678700361010831,
    "eval_loss": 0.6446539759635925,
    "eval_runtime": 9.2429,
    "eval_samples": 277,
    "eval_samples_per_second": 29.969,
    "eval_steps_per_second": 3.787
}