{
    "eval_loss": 0.7226323485374451,
    "eval_matthews_correlation": 0.2809868989667775,
    "eval_runtime": 11.5191,
    "eval_samples": 1043,
    "eval_samples_per_second": 90.545,
    "eval_steps_per_second": 11.372
}