{
    "eval_accuracy": 0.8817462280484788,
    "eval_combined_score": 0.8654511231739476,
    "eval_f1": 0.8491560182994163,
    "eval_loss": 0.2783586084842682,
    "eval_runtime": 131.3021,
    "eval_samples": 40430,
    "eval_samples_per_second": 307.916,
    "eval_steps_per_second": 38.491
}