{
    "eval_accuracy": 0.8970319069997527,
    "eval_combined_score": 0.8807256913275917,
    "eval_f1": 0.8644194756554308,
    "eval_loss": 0.2558521628379822,
    "eval_runtime": 125.5127,
    "eval_samples": 40430,
    "eval_samples_per_second": 322.119,
    "eval_steps_per_second": 40.267
}