{
    "eval_combined_score": 0.8983612788313294,
    "eval_loss": 0.43047818541526794,
    "eval_pearson": 0.8994882702300965,
    "eval_runtime": 12.6858,
    "eval_samples": 1500,
    "eval_samples_per_second": 118.242,
    "eval_spearmanr": 0.8972342874325624,
    "eval_steps_per_second": 14.82
}